episode,step,reward,completed,deadline_misses,active_tasks
0,0,-0.5395871746365021,11,0,0
0,1,-0.395229500886316,9,0,0
0,2,-0.24259576703633573,4,0,0
0,3,-0.3214050660614586,7,0,0
0,4,-0.42654212132952996,9,0,0
0,5,-0.5370282053786459,10,0,0
0,6,-0.3933678546859026,7,0,0
0,7,-0.5780769465989025,9,0,0
0,8,-0.3173390967142997,5,0,0
0,9,-0.18119012031995477,3,0,0
0,10,-0.20317451652334026,6,0,0
0,11,-0.2870343532488348,5,0,0
0,12,-0.36882460372218495,6,0,0
0,13,-0.210966162429006,5,0,0
0,14,-0.5376087213280545,9,0,0
0,15,-0.20743538045328813,5,0,0
0,16,-0.5018021683723995,11,0,0
0,17,-0.38109065876593484,9,0,0
0,18,-0.12118133265765246,4,0,0
0,19,-0.33073945058148735,9,0,0
0,20,-0.5524451243835105,8,0,0
0,21,-0.3744842228651167,5,0,0
0,22,-0.32129045505566234,7,0,0
0,23,-0.5726096671137956,10,0,0
0,24,-0.24244652149275753,5,0,0
0,25,-0.23122832018082984,6,0,0
0,26,-0.31851830312780227,7,0,0
0,27,-0.3301280919412649,7,0,0
0,28,-0.35411856434317146,9,0,0
0,29,-0.20567972983995697,7,0,0
0,30,-0.33274714870884203,10,0,0
0,31,-0.3462286451719418,7,0,0
0,32,-0.32964239764215336,7,0,0
0,33,-0.6302329918978122,9,0,0
0,34,-0.45661534312022406,8,0,0
0,35,-0.2701321285418586,4,0,0
0,36,-0.37244374488654247,10,0,0
0,37,-0.3344930594579863,7,0,0
0,38,-0.3004548903328392,5,0,0
0,39,-0.7422436798737253,10,0,0
0,40,-0.29442245699512615,7,0,0
0,41,-0.3197690958646436,7,0,0
0,42,-0.7079270984309665,8,0,0
0,43,-0.29279827886636783,8,0,0
0,44,-0.23596843495496117,5,0,0
0,45,-0.5523767444954796,9,0,0
0,46,-0.4299558430199977,7,0,0
0,47,-0.506377398698903,9,0,0
0,48,-0.2642292445670409,7,0,0
0,49,-0.2847866226257358,8,0,0
0,50,-0.30562088017325806,6,0,0
0,51,-0.41987191302865445,9,0,0
0,52,-0.4828121230649996,9,0,0
0,53,-0.459027240893398,8,0,0
0,54,-0.31222294878093704,8,0,0
0,55,-0.1740125996692779,6,0,0
0,56,-0.40877776659450626,8,0,0
0,57,-0.13123145655911117,7,0,0
0,58,-0.5108393639390654,8,0,0
0,59,-0.6064374477522507,8,0,0
0,60,-0.3504652936909686,10,0,0
0,61,-0.23810698457079893,5,0,0
0,62,-0.4420204815045322,7,0,0
0,63,-0.30352952506907266,7,0,0
0,64,-0.44209308894232924,9,0,0
0,65,-0.42143821992967995,8,0,0
0,66,-0.539033559911698,9,0,0
0,67,-0.5129232580680712,10,0,0
0,68,-0.24949291051415054,7,0,0
0,69,-0.49121655373001527,8,0,0
0,70,-0.3471193627303362,8,0,0
0,71,-0.37656935400041963,5,0,0
0,72,-0.5826809471483159,11,0,0
0,73,-0.32763015100117043,6,0,0
0,74,-0.16244204610934648,3,0,0
0,75,-0.4405011060310252,8,0,0
0,76,-0.43154885064369447,11,0,0
0,77,-0.4084596072298694,9,0,0
0,78,-0.2523167858842153,6,0,0
0,79,-0.4848265536186065,7,0,0
0,80,-0.3725249756144638,7,0,0
0,81,-0.19961677722428184,4,0,0
0,82,-0.5048452201747713,7,0,0
0,83,-0.26852703974014286,7,0,0
0,84,-0.19138391279422798,6,0,0
0,85,-0.25825310530926976,6,0,0
0,86,-0.3612092131732957,7,0,0
0,87,-0.15001171658338344,6,0,0
0,88,-0.6743467098037336,9,0,0
0,89,-0.3487961367229904,9,0,0
0,90,-0.36303793890275576,8,0,0
0,91,-0.602439554259127,9,0,0
0,92,-0.37810413931414366,8,0,0
0,93,-0.22002553158625185,4,0,0
0,94,-0.26731590562907637,6,0,0
0,95,-0.5714946409808118,9,0,0
0,96,-0.18675413260801238,4,0,0
0,97,-0.34907318895561673,7,0,0
0,98,-0.3431419511006799,8,0,0
0,99,-0.23216045069662145,5,0,0
0,100,-0.6150827854201262,9,0,0
0,101,-0.26205843526898104,8,0,0
0,102,-0.4424010718641966,9,0,0
0,103,-0.19401092233961362,7,0,0
0,104,-0.5838569353158418,9,0,0
0,105,-0.42692782799709444,8,0,0
0,106,-0.3625211882675706,8,0,0
0,107,-0.733946745292327,11,0,0
0,108,-0.31064142702776937,9,0,0
0,109,-0.38589601363192605,8,0,0
0,110,-0.34087533105472956,7,0,0
0,111,-0.30925312300300795,7,0,0
0,112,-0.30126961767130767,5,0,0
0,113,-0.36427181257209923,6,0,0
0,114,-0.3779741454514692,7,0,0
0,115,-0.46615701573290663,8,0,0
0,116,-0.38077789710961757,8,0,0
0,117,-0.30827664104169705,7,0,0
0,118,-0.24429373794677556,7,0,0
0,119,-0.4184813092797941,7,0,0
0,120,-0.16750991701010431,5,0,0
0,121,-0.45907664508068863,10,0,0
0,122,-0.5973958041073911,10,0,0
0,123,-0.4843747559900924,9,0,0
0,124,-0.2896745056867919,5,0,0
0,125,-0.7147707851283794,10,0,0
0,126,-0.5119930330328725,7,0,0
0,127,-0.3410216320172191,7,0,0
0,128,-0.3498997844154367,6,0,0
0,129,-0.5693306928123578,8,0,0
0,130,-0.37216665362507884,7,0,0
0,131,-0.6076955554505987,8,0,0
0,132,-0.2269904112005755,6,0,0
0,133,-0.21463784636909183,5,0,0
0,134,-0.30427040214620854,9,0,0
0,135,-0.4718734837501145,11,0,0
0,136,-0.24242471659670117,7,0,0
0,137,-0.39880864956943074,8,0,0
0,138,-0.4729843258613735,11,0,0
0,139,-0.5139411794926945,7,0,0
0,140,-0.6816549529419479,10,0,0
0,141,-0.2750282366482085,8,0,0
0,142,-0.29987895469052483,6,0,0
0,143,-0.3864374881410103,8,0,0
0,144,-0.37434855687750146,7,0,0
0,145,-0.392354522276571,8,0,0
0,146,-0.22275503349487763,5,0,0
0,147,-0.42653536754368576,9,0,0
0,148,-0.3007801624025045,5,0,0
0,149,-0.4898864603246779,9,0,0
0,150,-0.420903311603578,8,0,0
0,151,-0.5394804390010154,8,0,0
0,152,-0.2270401022706251,6,0,0
0,153,-0.44787149472727883,8,0,0
0,154,-0.35792514617956483,10,0,0
0,155,-0.45978179323056234,11,0,0
0,156,-0.6542249326129396,9,0,0
0,157,-0.40079821903686297,8,0,0
0,158,-0.34563308753622796,7,0,0
0,159,-0.3768991005069402,7,0,0
0,160,-0.5740202377594616,11,0,0
0,161,-0.5063662717547941,8,0,0
0,162,-0.21076119925811998,6,0,0
0,163,-0.4071937769758884,9,0,0
0,164,-0.43297785349543383,7,0,0
0,165,-0.35166357149841954,5,0,0
0,166,-0.3520091544337094,7,0,0
0,167,-0.5722245296281727,9,0,0
0,168,-0.4203284989055602,9,0,0
0,169,-0.16854182933126968,3,0,0
0,170,-0.6302797324240756,11,0,0
0,171,-0.5388824815573761,7,0,0
0,172,-0.2878804313669858,7,0,0
0,173,-0.27562214113284444,9,0,0
0,174,-0.37957948338637404,7,0,0
0,175,-0.181657336125102,6,0,0
0,176,-0.33985762410120857,6,0,0
0,177,-0.4895700497141429,9,0,0
0,178,-0.3226468657833661,7,0,0
0,179,-0.35364849486885586,6,0,0
0,180,-0.25363127008727276,6,0,0
0,181,-0.3555661478642355,7,0,0
0,182,-0.25777188951303875,7,0,0
0,183,-0.5975008372325151,7,0,0
0,184,-0.35370494118893164,9,0,0
0,185,-0.2253423623347005,7,0,0
0,186,-0.39890957942272565,9,0,0
0,187,-0.4195881400531143,5,0,0
0,188,-0.35587656936424217,7,0,0
0,189,-0.3140313965510094,7,0,0
0,190,-0.4336698720186651,9,0,0
0,191,-0.5244007724149301,9,0,0
0,192,-0.1385555699926163,6,0,0
0,193,-0.03484235495155586,2,0,0
0,194,-0.37909592393849534,7,0,0
0,195,-0.34805825030265136,6,0,0
0,196,-0.41507739586014375,9,0,0
0,197,-0.6615349894515462,11,0,0
0,198,-0.27958362303803735,6,0,0
0,199,-0.5668265934597527,11,0,0
0,200,-0.34511095502059264,7,0,0
0,201,-0.25069505710311346,5,0,0
0,202,-0.38395079798515097,10,0,0
0,203,-0.4389171448773769,9,0,0
0,204,-0.5265600709344709,8,0,0
0,205,-0.37504788537448763,6,0,0
0,206,-0.3902963735138656,8,0,0
0,207,-0.14712065721727544,6,0,0
0,208,-0.3291113594914376,6,0,0
0,209,-0.37743869194814944,6,0,0
0,210,-0.45853825952591165,10,0,0
0,211,-0.3121221438355482,6,0,0
0,212,-0.3842393202980903,6,0,0
0,213,-0.3858154016386309,7,0,0
0,214,-0.3435602994588022,8,0,0
0,215,-0.5203872044993727,8,0,0
0,216,-0.6675491325480966,10,0,0
0,217,-0.3249740321652385,6,0,0
0,218,-0.25453398227827356,6,0,0
0,219,-0.20150137850287309,4,0,0
0,220,-0.3295571494244418,6,0,0
0,221,-0.3494142861261029,5,0,0
0,222,-0.24676746757540532,4,0,0
0,223,-0.45714811059741206,7,0,0
0,224,-0.5594625131792486,12,0,0
0,225,-0.24452558648476908,5,0,0
0,226,-0.4387203377580204,7,0,0
0,227,-0.2589255617329868,7,0,0
0,228,-0.4051826708450656,7,0,0
0,229,-0.6434255143121614,9,0,0
0,230,-0.6394742848524069,11,0,0
0,231,-0.3826237806095368,8,0,0
0,232,-0.5871208886786677,9,0,0
0,233,-0.2592334392674065,7,0,0
0,234,-0.4085917808444465,8,0,0
0,235,-0.3227111264848766,7,0,0
0,236,-0.278190085037176,7,0,0
0,237,-0.5451962434560345,10,0,0
0,238,-0.5955319454536903,10,0,0
0,239,-0.3545276214570887,7,0,0
0,240,-0.30808494341937975,9,0,0
0,241,-0.4524228542664944,6,0,0
0,242,-0.31601756469543785,7,0,0
0,243,-0.365862338695134,8,0,0
0,244,-0.4637404159676608,9,0,0
0,245,-0.3108322698603696,9,0,0
0,246,-0.08668933887636388,4,0,0
0,247,-0.14703865937007568,5,0,0
0,248,-0.471250827805694,10,0,0
0,249,-0.4024727746979812,7,0,0
0,250,-0.30918247034860175,7,0,0
0,251,-0.5930825193487339,8,0,0
0,252,-0.22406911280799563,5,0,0
0,253,-0.32756793523490757,7,0,0
0,254,-0.4897641499770847,10,0,0
0,255,-0.32505639783765117,5,0,0
0,256,-0.5190145211477181,9,0,0
0,257,-0.41385120827661076,5,0,0
0,258,-0.3175734073957505,6,0,0
0,259,-0.19723803969471435,7,0,0
0,260,-0.2110474048643208,8,0,0
0,261,-0.37089090174266265,9,0,0
0,262,-0.595053159243237,8,0,0
0,263,-0.3900814071092077,6,0,0
0,264,-0.33258458719085204,8,0,0
0,265,-0.6917557193846601,9,0,0
0,266,-0.35565253654656825,8,0,0
0,267,-0.24157423900054575,9,0,0
0,268,-0.47030438814663744,9,0,0
0,269,-0.30038368411605815,4,0,0
0,270,-0.6516869064352017,8,0,0
0,271,-0.11767947763670052,4,0,0
0,272,-0.30359807480000606,6,0,0
0,273,-0.48616174601435996,7,0,0
0,274,-0.3593586758856894,6,0,0
0,275,-0.46910773261508026,7,0,0
0,276,-0.1964688567847641,6,0,0
0,277,-0.3618297482937898,7,0,0
0,278,-0.7206838164558037,11,0,0
0,279,-0.5049772250469806,8,0,0
0,280,-0.3926771898822693,8,0,0
0,281,-0.4643863685610001,10,0,0
0,282,-0.35600456589404295,7,0,0
0,283,-0.4251876718956993,8,0,0
0,284,-0.47720539414845264,10,0,0
0,285,-0.363318962429617,6,0,0
0,286,-0.25455619348986663,5,0,0
0,287,-0.22708003188562945,5,0,0
0,288,-0.5488098270325958,12,0,0
0,289,-0.29712699249643654,8,0,0
0,290,-0.5969952486278911,9,0,0
0,291,-0.652512856277118,9,0,0
0,292,-0.7010209236146328,9,0,0
0,293,-0.20834853636563797,3,0,0
0,294,-0.29593090565882973,7,0,0
0,295,-0.4273064052911503,9,0,0
0,296,-0.18911662272575175,3,0,0
0,297,-0.29822417615374014,7,0,0
0,298,-0.29258903321217966,6,0,0
0,299,-0.7335125054470615,10,0,0
1,0,-0.37078861772367183,7,0,0
1,1,-0.35335670982500017,5,0,0
1,2,-0.39385111077242263,6,0,0
1,3,-0.29449041030399215,9,0,0
1,4,-0.34017372458106976,8,0,0
1,5,-0.13761836263208255,6,0,0
1,6,-0.40756970345318466,9,0,0
1,7,-0.2448290205829809,9,0,0
1,8,-0.15980320986944027,8,0,0
1,9,-0.2461206149676292,5,0,0
1,10,-0.3195073658693108,5,0,0
1,11,-0.30988878480231485,5,0,0
1,12,-0.5281471259923631,7,0,0
1,13,-0.23831518196803803,7,0,0
1,14,-0.19359492980276152,6,0,0
1,15,-0.22877786231877723,10,0,0
1,16,-0.3319765854377482,6,0,0
1,17,-0.5914978846619494,7,0,0
1,18,-0.5682382959505414,9,0,0
1,19,-0.47130413970186424,8,0,0
1,20,-0.3374994523862701,8,0,0
1,21,-0.3807502507967913,8,0,0
1,22,-0.4338621090961956,8,0,0
1,23,-0.2323179856265949,5,0,0
1,24,-0.22128278157799597,6,0,0
1,25,-0.3814111595415376,7,0,0
1,26,-0.2765838912147515,8,0,0
1,27,-0.2993927494708629,6,0,0
1,28,-0.5445375626762653,8,0,0
1,29,-0.3165525514253984,7,0,0
1,30,-0.27959381169387953,7,0,0
1,31,-0.15497508294205364,5,0,0
1,32,-0.31118977152037675,4,0,0
1,33,-0.4311572349191931,8,0,0
1,34,-0.4321099605086529,9,0,0
1,35,-0.6359112539210069,10,0,0
1,36,-0.301177719323372,7,0,0
1,37,-0.3108656612184985,6,0,0
1,38,-0.387446483638683,8,0,0
1,39,-0.29065004618093915,8,0,0
1,40,-0.5776554681495892,10,0,0
1,41,-0.6015839710241835,8,0,0
1,42,-0.4456967565496571,9,0,0
1,43,-0.3768374476786497,7,0,0
1,44,-0.2743095599591432,7,0,0
1,45,-0.449509902003438,7,0,0
1,46,-0.36226802843362416,7,0,0
1,47,-0.3332997019252476,7,0,0
1,48,-0.2184578094579004,7,0,0
1,49,-0.49848737908100993,8,0,0
1,50,-0.26147907842336593,5,0,0
1,51,-0.307596496595566,7,0,0
1,52,-0.17206502642636806,4,0,0
1,53,-0.3512875967184729,10,0,0
1,54,-0.28321437325783505,6,0,0
1,55,-0.09473693475756134,4,0,0
1,56,-0.3207212935475019,8,0,0
1,57,-0.44181255396114216,7,0,0
1,58,-0.2619651301784738,5,0,0
1,59,-0.2842866969246548,5,0,0
1,60,-0.4137470630393846,9,0,0
1,61,-0.37420849759984925,7,0,0
1,62,-0.2891177139619898,7,0,0
1,63,-0.49881836612744146,7,0,0
1,64,-0.5432328921029739,8,0,0
1,65,-0.328546507570688,7,0,0
1,66,-0.24737720565979066,5,0,0
1,67,-0.7713883200895922,11,0,0
1,68,-0.4028891134766007,7,0,0
1,69,-0.15048808410499798,7,0,0
1,70,-0.3377417878758763,9,0,0
1,71,-0.6455582095652931,11,0,0
1,72,-0.4929073678496246,9,0,0
1,73,-0.4257154743375461,7,0,0
1,74,-0.2795307956516785,4,0,0
1,75,-0.40108899056555286,7,0,0
1,76,-0.4270899782776086,7,0,0
1,77,-0.6621092638230219,9,0,0
1,78,-0.46826297656834814,8,0,0
1,79,-0.44278009085263337,8,0,0
1,80,-0.46671161162672536,9,0,0
1,81,-0.24043371309213468,7,0,0
1,82,-0.3429552287841321,9,0,0
1,83,-0.17980519342875712,7,0,0
1,84,-0.19983602160171782,6,0,0
1,85,-0.4241091154988297,9,0,0
1,86,-0.5137265372769001,9,0,0
1,87,-0.15045430462161924,4,0,0
1,88,-0.13736994170213962,5,0,0
1,89,-0.43671599777928255,8,0,0
1,90,-0.17059394404695474,4,0,0
1,91,-0.4534977125611366,8,0,0
1,92,-0.22739914652231735,6,0,0
1,93,-0.3856650309275216,8,0,0
1,94,-0.6201752388350353,8,0,0
1,95,-0.4212273074533186,9,0,0
1,96,-0.42122126044621305,8,0,0
1,97,-0.5316866818056655,9,0,0
1,98,-0.4367230257740954,7,0,0
1,99,-0.5943159909198268,10,0,0
1,100,-0.4724799953112367,9,0,0
1,101,-0.50788552437541,8,0,0
1,102,-0.2886290922221118,6,0,0
1,103,-0.3294395724151798,7,0,0
1,104,-0.4967367887743093,9,0,0
1,105,-0.4635810057938435,10,0,0
1,106,-0.382033977710061,6,0,0
1,107,-0.6141720771465582,11,0,0
1,108,-0.29206165167909126,6,0,0
1,109,-0.466526349038227,9,0,0
1,110,-0.4940115070729087,8,0,0
1,111,-0.3416560917975516,10,0,0
1,112,-0.5666353633116749,8,0,0
1,113,-0.2961773600966898,6,0,0
1,114,-0.2785347921061309,7,0,0
1,115,-0.15082031567698143,4,0,0
1,116,-0.3276005639227795,8,0,0
1,117,-0.26395710616800305,7,0,0
1,118,-0.5438384872608735,10,0,0
1,119,-0.2795275846418869,4,0,0
1,120,-0.309821669071782,4,0,0
1,121,-0.27315640540763725,6,0,0
1,122,-0.49960505894605794,8,0,0
1,123,-0.1192272052278961,6,0,0
1,124,-0.2996577516193337,6,0,0
1,125,-0.48722999483109697,9,0,0
1,126,-0.3312462622804504,8,0,0
1,127,-0.35058913671385405,6,0,0
1,128,-0.22481653614447344,7,0,0
1,129,-0.37471524676366064,7,0,0
1,130,-0.429089467589788,8,0,0
1,131,-0.41407994037551055,9,0,0
1,132,-0.2535207793661914,8,0,0
1,133,-0.3188873878018568,7,0,0
1,134,-0.4501533976134822,6,0,0
1,135,-0.350241804712311,8,0,0
1,136,-0.29930483959780096,6,0,0
1,137,-0.26056531463834437,6,0,0
1,138,-0.3867504861819889,9,0,0
1,139,-0.2530251897384823,7,0,0
1,140,-0.2674190807732345,7,0,0
1,141,-0.3460225981838584,8,0,0
1,142,-0.26962328002518016,3,0,0
1,143,-0.43241229928158575,9,0,0
1,144,-0.47605767746553507,6,0,0
1,145,-0.3292880793385784,9,0,0
1,146,-0.3050051981319334,6,0,0
1,147,-0.2552077018255724,7,0,0
1,148,-0.3707895512012146,8,0,0
1,149,-0.39686699435246314,7,0,0
1,150,-0.28481706984282085,7,0,0
1,151,-0.23102225929765716,7,0,0
1,152,-0.32726843364232616,7,0,0
1,153,-0.45957688158698395,8,0,0
1,154,-0.20124217566428523,4,0,0
1,155,-0.492538508647994,9,0,0
1,156,-0.22214579881787955,6,0,0
1,157,-0.4165736790882227,6,0,0
1,158,-0.24428935547516428,4,0,0
1,159,-0.4302636548042841,9,0,0
1,160,-0.21725347060921799,6,0,0
1,161,-0.3165156754556777,6,0,0
1,162,-0.5136834698328325,8,0,0
1,163,-0.29544442660961734,6,0,0
1,164,-0.2903818636583914,7,0,0
1,165,-0.25214473788210706,5,0,0
1,166,-0.5487889138668969,9,0,0
1,167,-0.5589101473658294,9,0,0
1,168,-0.48623698169173224,9,0,0
1,169,-0.23029373368636857,7,0,0
1,170,-0.3602213262506994,6,0,0
1,171,-0.3015672939812492,7,0,0
1,172,-0.15814200195608255,4,0,0
1,173,-0.5443074716439208,9,0,0
1,174,-0.30226095663521735,5,0,0
1,175,-0.49125857605508993,7,0,0
1,176,-0.48593776330398725,9,0,0
1,177,-0.37300401352556767,6,0,0
1,178,-0.35337814745796414,8,0,0
1,179,-0.4422547628623008,7,0,0
1,180,-0.30790510045103614,7,0,0
1,181,-0.3909605294780797,8,0,0
1,182,-0.6814647623038871,9,0,0
1,183,-0.31953044545033427,7,0,0
1,184,-0.36384999883194385,8,0,0
1,185,-0.2684930363128072,5,0,0
1,186,-0.29986325438144357,6,0,0
1,187,-0.26265458549568826,5,0,0
1,188,-0.2702861786241773,6,0,0
1,189,-0.2804485838838971,7,0,0
1,190,-0.39845878077209596,7,0,0
1,191,-0.20283674111901878,5,0,0
1,192,-0.47723927002901817,10,0,0
1,193,-0.326272907466854,7,0,0
1,194,-0.48361994485213067,7,0,0
1,195,-0.4458314400900192,7,0,0
1,196,-0.35166053955790033,5,0,0
1,197,-0.5014303605870786,8,0,0
1,198,-0.24089937349838628,7,0,0
1,199,-0.33226812490560087,8,0,0
1,200,-0.4148451084336424,7,0,0
1,201,-0.33658414207355036,6,0,0
1,202,-0.2927915299584081,6,0,0
1,203,-0.3795990912353265,6,0,0
1,204,-0.479049697373829,7,0,0
1,205,-0.6333679866634482,12,0,0
1,206,-0.4512511557198279,10,0,0
1,207,-0.5538445185446517,8,0,0
1,208,-0.42574345030573746,10,0,0
1,209,-0.33932254595833045,8,0,0
1,210,-0.30065164740768974,6,0,0
1,211,-0.4059264265923693,10,0,0
1,212,-0.33074807754520036,8,0,0
1,213,-0.4034506903710805,8,0,0
1,214,-0.2821658616659049,4,0,0
1,215,-0.393293213635751,10,0,0
1,216,-0.3468985807842597,8,0,0
1,217,-0.6653838941113991,11,0,0
1,218,-0.38167940491820274,7,0,0
1,219,-0.21244228355860617,10,0,0
1,220,-0.3152682788202422,6,0,0
1,221,-0.3386292008741336,8,0,0
1,222,-0.36946475711281085,7,0,0
1,223,-0.3478017173414366,8,0,0
1,224,-0.5666726567993218,10,0,0
1,225,-0.6298589228376097,10,0,0
1,226,-0.5463715917915491,8,0,0
1,227,-0.17698839268038283,6,0,0
1,228,-0.2693177820713675,6,0,0
1,229,-0.30098865608016023,9,0,0
1,230,-0.4749830857184912,10,0,0
1,231,-0.38832322125992375,6,0,0
1,232,-0.568424268228405,9,0,0
1,233,-0.2099438420263985,4,0,0
1,234,-0.41258678512686353,8,0,0
1,235,-0.4055010447009398,6,0,0
1,236,-0.49174840351349464,7,0,0
1,237,-0.4297401718713172,11,0,0
1,238,-0.41752028572633726,10,0,0
1,239,-0.5089796116788509,9,0,0
1,240,-0.3106277553710403,7,0,0
1,241,-0.49878296077703665,8,0,0
1,242,-0.5947843604207911,10,0,0
1,243,-0.5341338953737298,8,0,0
1,244,-0.28760965098817187,10,0,0
1,245,-0.457290821818143,9,0,0
1,246,-0.5173092047282662,11,0,0
1,247,-0.3720235473044165,7,0,0
1,248,-0.3597262204261688,9,0,0
1,249,-0.4745658094346554,9,0,0
1,250,-0.3423825532160379,8,0,0
1,251,-0.45507176299479746,8,0,0
1,252,-0.2474799164648925,5,0,0
1,253,-0.3870600600565701,6,0,0
1,254,-0.21523736582137454,7,0,0
1,255,-0.18547438551879317,7,0,0
1,256,-0.5113033377604166,9,0,0
1,257,-0.2073724619107315,5,0,0
1,258,-0.2625392240635872,5,0,0
1,259,-0.39442525162187236,8,0,0
1,260,-0.30733847893438515,6,0,0
1,261,-0.48047953782734565,8,0,0
1,262,-0.43332476038172285,8,0,0
1,263,-0.4316984796507122,6,0,0
1,264,-0.352682310631527,7,0,0
1,265,-0.48419821831052845,9,0,0
1,266,-0.3408015269220853,5,0,0
1,267,-0.4009267945191765,5,0,0
1,268,-0.22495711627989354,5,0,0
1,269,-0.3594076583970075,4,0,0
1,270,-0.5393870239319976,7,0,0
1,271,-0.5734816373033584,9,0,0
1,272,-0.4060032301213889,8,0,0
1,273,-0.5853843769373887,10,0,0
1,274,-0.6135533211308156,8,0,0
1,275,-0.38457756325761056,8,0,0
1,276,-0.4718040415371099,8,0,0
1,277,-0.6277896050554607,10,0,0
1,278,-0.1645694337760816,4,0,0
1,279,-0.32204050116945526,9,0,0
1,280,-0.4372952926032688,8,0,0
1,281,-0.17608645249106755,8,0,0
1,282,-0.22117829953758344,4,0,0
1,283,-0.2516426668861564,6,0,0
1,284,-0.31126907504780055,5,0,0
1,285,-0.2516282183094001,6,0,0
1,286,-0.5818294292904516,9,0,0
1,287,-0.04099114664293818,3,0,0
1,288,-0.5635167742478744,7,0,0
1,289,-0.5447457794172017,9,0,0
1,290,-0.558565013119941,10,0,0
1,291,-0.2662344355700491,6,0,0
1,292,-0.2870796085213154,8,0,0
1,293,-0.16753766061435102,6,0,0
1,294,-0.319323692603385,7,0,0
1,295,-0.34252823419909606,5,0,0
1,296,-0.4924682717508674,9,0,0
1,297,-0.32134030059628876,8,0,0
1,298,-0.5004706029865074,8,0,0
1,299,-0.38724821499134626,5,0,0
2,0,-0.43004759039643115,6,0,0
2,1,-0.40700783924719625,7,0,0
2,2,-0.4118339107424652,8,0,0
2,3,-0.32435839309154063,8,0,0
2,4,-0.4362598378240297,5,0,0
2,5,-0.3839869783442953,5,0,0
2,6,-0.4752409759636949,7,0,0
2,7,-0.06479978815987149,4,0,0
2,8,-0.4833589774692266,8,0,0
2,9,-0.3746772985182849,8,0,0
2,10,-0.4104068820930102,8,0,0
2,11,-0.48252111656130886,7,0,0
2,12,-0.4104553631702695,9,0,0
2,13,-0.28169242350182966,6,0,0
2,14,-0.48099265661945073,8,0,0
2,15,-0.36543510319971784,6,0,0
2,16,-0.41487094884911635,6,0,0
2,17,-0.5092162292427805,10,0,0
2,18,-0.5653730397861179,8,0,0
2,19,-0.4984630235355143,11,0,0
2,20,-0.34298881898271055,7,0,0
2,21,-0.31364895254103714,6,0,0
2,22,-0.6078953321884618,10,0,0
2,23,-0.2393175333199145,7,0,0
2,24,-0.5436490033382805,9,0,0
2,25,-0.2500940844533074,4,0,0
2,26,-0.6057104316214874,10,0,0
2,27,-0.3536160242136791,7,0,0
2,28,-0.28284650796512034,7,0,0
2,29,-0.7412008925796858,10,0,0
2,30,-0.3603586432637774,7,0,0
2,31,-0.48269415460518234,10,0,0
2,32,-0.3478941686017491,5,0,0
2,33,-0.6880314502412784,9,0,0
2,34,-0.1844787177649266,5,0,0
2,35,-0.11911253596193898,6,0,0
2,36,-0.2826928479343892,4,0,0
2,37,-0.20970142521486845,5,0,0
2,38,-0.4428595414005707,8,0,0
2,39,-0.5246692073286616,9,0,0
2,40,-0.361762591813396,7,0,0
2,41,-0.6208096707028308,10,0,0
2,42,-0.2534149645837139,5,0,0
2,43,-0.3891542861056861,8,0,0
2,44,-0.36526348246306023,8,0,0
2,45,-0.38281914948104395,8,0,0
2,46,-0.40920142603125687,6,0,0
2,47,-0.5034034621197606,9,0,0
2,48,-0.27728877088494863,6,0,0
2,49,-0.14469342547294634,6,0,0
2,50,-0.36007229613171243,6,0,0
2,51,-0.31469224396961243,7,0,0
2,52,-0.13746967147853595,3,0,0
2,53,-0.58440389791242,10,0,0
2,54,-0.5453728213491866,9,0,0
2,55,-0.554986390030634,9,0,0
2,56,-0.5681751102794441,9,0,0
2,57,-0.25175894620508255,6,0,0
2,58,-0.21311809039190616,6,0,0
2,59,-0.5483529270404836,8,0,0
2,60,-0.31377240423978286,8,0,0
2,61,-0.3466042499080657,5,0,0
2,62,-0.3571992017728172,8,0,0
2,63,-0.24109567442097554,8,0,0
2,64,-0.4724207702535207,6,0,0
2,65,-0.40291736963293934,7,0,0
2,66,-0.4420897974319531,6,0,0
2,67,-0.14647036447093414,4,0,0
2,68,-0.48840810130052004,5,0,0
2,69,-0.5219436986123542,9,0,0
2,70,-0.14766749208818342,3,0,0
2,71,-0.26828853971013567,7,0,0
2,72,-0.48394501882892343,8,0,0
2,73,-0.4057887302309833,10,0,0
2,74,-0.4438967254149421,8,0,0
2,75,-0.36327022242041335,8,0,0
2,76,-0.2871955353303108,5,0,0
2,77,-0.6602101869824611,9,0,0
2,78,-0.4935779532619087,10,0,0
2,79,-0.2248000661226922,8,0,0
2,80,-0.30859936578315306,7,0,0
2,81,-0.32736990060202836,10,0,0
2,82,-0.4227883854336967,6,0,0
2,83,-0.5495419094075087,7,0,0
2,84,-0.12765775043867206,3,0,0
2,85,-0.4672361585825871,8,0,0
2,86,-0.39850848579662723,8,0,0
2,87,-0.29081450819975685,5,0,0
2,88,-0.6040877598043393,8,0,0
2,89,-0.5052697754268515,8,0,0
2,90,-0.38715993561138606,9,0,0
2,91,-0.3138175138591207,7,0,0
2,92,-0.4113604063495147,5,0,0
2,93,-0.2831335411474841,5,0,0
2,94,-0.28672482530041815,7,0,0
2,95,-0.5261558694857994,8,0,0
2,96,-0.3638783228821119,11,0,0
2,97,-0.1402096588643315,7,0,0
2,98,-0.510714043623772,8,0,0
2,99,-0.6137599480157077,11,0,0
2,100,-0.31377140794710057,6,0,0
2,101,-0.4734758095871755,7,0,0
2,102,-0.2073386704212558,5,0,0
2,103,-0.3826688695742072,7,0,0
2,104,-0.2579824377106362,6,0,0
2,105,-0.30377896446605424,4,0,0
2,106,-0.23185144148508594,4,0,0
2,107,-0.19531286514175514,5,0,0
2,108,-0.3603771282310211,8,0,0
2,109,-0.4909048949148036,7,0,0
2,110,-0.47357701136454594,10,0,0
2,111,-0.21735051089691315,6,0,0
2,112,-0.4058767778872143,10,0,0
2,113,-0.282747255513656,5,0,0
2,114,-0.32482386121851126,7,0,0
2,115,-0.3204660098812354,7,0,0
2,116,-0.13209245892608926,6,0,0
2,117,-0.45894352029417973,8,0,0
2,118,-0.4547806719395271,10,0,0
2,119,-0.20089406474530763,3,0,0
2,120,-0.6105133745277125,6,0,0
2,121,-0.41131233240902715,7,0,0
2,122,-0.5991266761417242,7,0,0
2,123,-0.4509013286731865,7,0,0
2,124,-0.4096111584994485,8,0,0
2,125,-0.39482746077640946,7,0,0
2,126,-0.15883896366319006,4,0,0
2,127,-0.41710291266122124,9,0,0
2,128,-0.27458123626953573,5,0,0
2,129,-0.20946080668700584,4,0,0
2,130,-0.5037844998778966,7,0,0
2,131,-0.21257930965502714,6,0,0
2,132,-0.401476447053651,8,0,0
2,133,-0.3959327317706233,6,0,0
2,134,-0.3483626114155896,8,0,0
2,135,-0.39859593694942935,8,0,0
2,136,-0.3078603948972385,6,0,0
2,137,-0.834821919393252,11,0,0
2,138,-0.44839854037652355,8,0,0
2,139,-0.2498996675337226,7,0,0
2,140,-0.16871585969102215,5,0,0
2,141,-0.2704466736932307,6,0,0
2,142,-0.5326312323281097,9,0,0
2,143,-0.49425493639209506,10,0,0
2,144,-0.24741496544437475,4,0,0
2,145,-0.3502039111247047,8,0,0
2,146,-0.3501318045436985,8,0,0
2,147,-0.3335335710658473,5,0,0
2,148,-0.3112118306307491,7,0,0
2,149,-0.6452120263420433,10,0,0
2,150,-0.46618233839996304,7,0,0
2,151,-0.30870176897232426,7,0,0
2,152,-0.4985419384099936,8,0,0
2,153,-0.30319617270473065,6,0,0
2,154,-0.3156562698209155,8,0,0
2,155,-0.48438953728756245,7,0,0
2,156,-0.4440323343344943,7,0,0
2,157,-0.24078433477648403,6,0,0
2,158,-0.36988615645328426,7,0,0
2,159,-0.343966013835751,5,0,0
2,160,-0.3564207604345366,8,0,0
2,161,-0.20399251118629472,6,0,0
2,162,-0.29014675029231146,8,0,0
2,163,-0.30770854723937674,7,0,0
2,164,-0.4874150924298605,9,0,0
2,165,-0.33375175264171375,8,0,0
2,166,-0.47144397089922174,8,0,0
2,167,-0.19532526963139957,6,0,0
2,168,-0.5949599235083052,8,0,0
2,169,-0.519112788676545,10,0,0
2,170,-0.4306666429221767,8,0,0
2,171,-0.36558937314745116,6,0,0
2,172,-0.44637738584737496,10,0,0
2,173,-0.4286654126012561,7,0,0
2,174,-0.3952646078800072,7,0,0
2,175,-0.5056186379693164,8,0,0
2,176,-0.37027215271468505,8,0,0
2,177,-0.30282284089740363,7,0,0
2,178,-0.43829318848062515,9,0,0
2,179,-0.5492095610277227,8,0,0
2,180,-0.190194935828456,6,0,0
2,181,-0.31477839448966155,6,0,0
2,182,-0.48832729307059786,7,0,0
2,183,-0.30464318581586847,8,0,0
2,184,-0.381803274606497,8,0,0
2,185,-0.30484827136269077,8,0,0
2,186,-0.4365876610691362,7,0,0
2,187,-0.2046324310348161,8,0,0
2,188,-0.37735633163355964,8,0,0
2,189,-0.5450007267105607,8,0,0
2,190,-0.2934517608726209,8,0,0
2,191,-0.24485122088556283,8,0,0
2,192,-0.3636311817021988,7,0,0
2,193,-0.4560551232071197,7,0,0
2,194,-0.2982986883685577,7,0,0
2,195,-0.4894441032228183,9,0,0
2,196,-0.30347349227830506,8,0,0
2,197,-0.212004795195857,6,0,0
2,198,-0.47494926554797035,10,0,0
2,199,-0.3082068165387557,6,0,0
2,200,-0.4296668468349446,10,0,0
2,201,-0.49202490755896844,7,0,0
2,202,-0.32112788883546184,6,0,0
2,203,-0.24134764851683627,6,0,0
2,204,-0.2819383380689506,6,0,0
2,205,-0.19459898540397916,6,0,0
2,206,-0.36908532243876363,7,0,0
2,207,-0.3132405126331123,9,0,0
2,208,-0.5716437088725782,7,0,0
2,209,-0.4007073340607439,9,0,0
2,210,-0.4387025274973311,9,0,0
2,211,-0.35221331884952267,7,0,0
2,212,-0.19925009706653193,7,0,0
2,213,-0.2541008315070259,4,0,0
2,214,-0.5659098654644953,9,0,0
2,215,-0.38775998468907885,10,0,0
2,216,-0.2504811110631413,7,0,0
2,217,-0.46884588546016304,8,0,0
2,218,-0.2135135635744499,6,0,0
2,219,-0.2937484593911754,7,0,0
2,220,-0.39515362221039674,8,0,0
2,221,-0.45841940968734707,7,0,0
2,222,-0.43122028554213826,10,0,0
2,223,-0.1572214854668951,6,0,0
2,224,-0.43453585122730454,7,0,0
2,225,-0.24755177825257996,6,0,0
2,226,-0.3547886364922357,6,0,0
2,227,-0.49062031080937185,7,0,0
2,228,-0.6820465560052735,11,0,0
2,229,-0.4867552146304342,8,0,0
2,230,-0.4845215924941166,9,0,0
2,231,-0.2811266186742164,6,0,0
2,232,-0.11332818359679551,5,0,0
2,233,-0.31979564379394915,5,0,0
2,234,-0.4656670515170971,7,0,0
2,235,-0.15722485560172073,5,0,0
2,236,-0.6193021691723718,8,0,0
2,237,-0.11417905076659457,5,0,0
2,238,-0.45321487637330865,8,0,0
2,239,-0.5682657771701315,9,0,0
2,240,-0.2321382436813386,6,0,0
2,241,-0.24474128049585764,7,0,0
2,242,-0.4320452726573859,6,0,0
2,243,-0.3603618523202975,6,0,0
2,244,-0.2828689062618601,6,0,0
2,245,-0.3417838382341199,7,0,0
2,246,-0.3174914745449393,7,0,0
2,247,-0.2213036120397388,7,0,0
2,248,-0.16684358329528998,6,0,0
2,249,-0.33416825166943515,9,0,0
2,250,-0.36632984725446394,5,0,0
2,251,-0.3120769891373748,5,0,0
2,252,-0.534957010768696,9,0,0
2,253,-0.37425966897637664,6,0,0
2,254,-0.4618399499641692,8,0,0
2,255,-0.37753046011647773,6,0,0
2,256,-0.3543522216511385,6,0,0
2,257,-0.342911590579682,6,0,0
2,258,-0.3832367280820743,10,0,0
2,259,-0.28804874747184106,7,0,0
2,260,-0.30696254008229695,8,0,0
2,261,-0.5124065843733522,7,0,0
2,262,-0.3736481717536414,5,0,0
2,263,-0.47174190289427675,7,0,0
2,264,-0.39998890977907486,6,0,0
2,265,-0.45425738827358875,9,0,0
2,266,-0.2905171922373978,6,0,0
2,267,-0.4752373801341746,10,0,0
2,268,-0.43930961318291284,7,0,0
2,269,-0.29816556548226875,6,0,0
2,270,-0.3450501497151422,5,0,0
2,271,-0.263151324725379,6,0,0
2,272,-0.591024708155483,9,0,0
2,273,-0.521003000556653,9,0,0
2,274,-0.27890291922200383,6,0,0
2,275,-0.09928800528863847,3,0,0
2,276,-0.17465438835393857,4,0,0
2,277,-0.19201675218225303,5,0,0
2,278,-0.4043685371145592,6,0,0
2,279,-0.3149810400720519,8,0,0
2,280,-0.46807773076253756,9,0,0
2,281,-0.43178026693887495,8,0,0
2,282,-0.3427278483545158,10,0,0
2,283,-0.5106858397679064,8,0,0
2,284,-0.42708351484544665,6,0,0
2,285,-0.36269493170949735,9,0,0
2,286,-0.285025050102044,6,0,0
2,287,-0.7048559203168061,11,0,0
2,288,-0.44036914507956365,10,0,0
2,289,-0.2902782611004505,7,0,0
2,290,-0.20559489210523774,4,0,0
2,291,-0.5758433817886806,10,0,0
2,292,-0.4174258474417728,7,0,0
2,293,-0.3484516002183743,5,0,0
2,294,-0.3105826609295634,8,0,0
2,295,-0.6579131063332313,9,0,0
2,296,-0.2871418086866674,7,0,0
2,297,-0.41202031291435515,8,0,0
2,298,-0.30584239772683275,4,0,0
2,299,-0.26078485973660476,5,0,0
